#{"t_start": 1735379371.5420318, "env_id": "ContinuousCartPole-v0"}
r,l,t
500.0,500,5.429281
500.0,500,7.656511
500.0,500,7.968416
500.0,500,8.273163
500.0,500,10.8955
500.0,500,15.154063
500.0,500,18.248016
500.0,500,18.558652
500.0,500,18.852352
500.0,500,20.022416
500.0,500,24.195398
500.0,500,28.362197
500.0,500,32.537138
500.0,500,36.703786
